Model,Test,p,n_follicles,n_samples,ICC,Coefficient
LMM Genotype (All),Wald F-test (joint),0.12239568750765903,1903,13,0.15382814716158538,
LMM Dosage (All),Slope (per T allele),0.2556468505541274,1903,13,,863.5626496159125
LMM Platform,Platform effect,0.22580957401135537,1903,13,,
LMM Genotype (PC-only),Wald F-test (joint),0.37836641491593603,1643,8,0.07974341950772025,
LMM Dosage (PC-only),Slope (per T allele),0.1312257491449112,1643,8,,-668.559613761802
