Sample_ID,Region,Region_Area_um2,Vessel_Count,Density_per_mm2,Genotype
HDL011,RedPulp,93155153.8,27558,295.8290430088904,C/C
HDL011,Trabeculae,2683163.3,56,20.87088773165614,C/C
HDL011,LargeVessel,1692729.2,533,314.8761184009823,C/C
HDL011,Follicle,4339623.5,987,227.4390854413983,C/C
HDL011,PALS,11352130.1,3483,306.81466555778815,C/C
HDL018,PALS,145653.5,11,75.5217004740703,C/T
HDL018,Follicle,1000813.1,200,199.83751211889614,C/T
HDL018,RedPulp,15622911.8,4433,283.7499217015358,C/T
HDL018,LargeVessel,1933494.0,0,0.0,C/T
HDL018,Trabeculae,690530.0,268,388.10768540106875,C/T
HDL021,Trabeculae,6913138.2,2680,387.6676441966689,C/T
HDL021,PALS,1809737.2,617,340.93347918139716,C/T
HDL021,LargeVessel,942779.4,0,0.0,C/T
HDL021,Follicle,16770005.5,5863,349.61228843961914,C/T
HDL021,RedPulp,101018925.8,47790,473.0796691960073,C/T
HDL043,PALS,9444575.6,1241,131.39817526581078,C/T
HDL043,Follicle,18322576.0,1206,65.82043922208318,C/T
HDL043,RedPulp,121925230.5,24987,204.93707411937186,C/T
HDL043,Trabeculae,4787755.1,907,189.44160280879868,C/T
HDL043,LargeVessel,611804.2,0,0.0,C/T
HDL063,Trabeculae,11138723.9,1527,137.08931235830343,T/T
HDL063,RedPulp,185024639.2,80975,437.64441509042007,T/T
HDL063,Follicle,15262911.5,1804,118.19501148257329,T/T
HDL063,LargeVessel,2414148.9,0,0.0,T/T
HDL063,PALS,11200486.8,3217,287.21965905981875,T/T
HDL086,PALS,12326178.8,2393,194.13964691149863,C/T
HDL086,Follicle,15047541.6,2034,135.17158178183738,C/T
HDL086,RedPulp,111836426.5,37780,337.81479954565606,C/T
HDL086,LargeVessel,1042147.9,0,0.0,C/T
HDL086,Trabeculae,6113636.2,780,127.58364653755484,C/T
HDL053,RedPulp,106682516.2,41818,391.9855051187853,C/C
HDL053,Trabeculae,4713930.1,394,83.58206244933501,C/C
HDL053,Follicle,32942562.5,10734,325.8398614254735,C/C
HDL053,PALS,28509230.4,14593,511.8693067210962,C/C
HDL053,LargeVessel,2663312.7,0,0.0,C/C
HDL055,Trabeculae,4931577.1,4367,885.5179411065074,C/C
HDL055,LargeVessel,1693818.3,0,0.0,C/C
HDL055,PALS,4009027.8,1002,249.93590715434803,C/C
HDL055,RedPulp,106172456.6,63148,594.7681915085311,C/C
HDL055,Follicle,8243606.4,1300,157.69797063576445,C/C
HDL172,LargeVessel,2256631.3,0,0.0,
HDL172,Trabeculae,724010.4,25,34.52989073085138,
HDL172,PALS,4340993.0,2040,469.93856014050243,
HDL172,RedPulp,67974090.6,26593,391.2225932743851,
HDL172,Follicle,10830338.4,2496,230.46371293439915,
